m,n,k,group_size,regime,template_id,pool_size,marlin_thread_k,marlin_thread_n,marlin_blocks,flute_us,marlin_lut4_us,dense_us,flute_speedup_dense,marlin_speedup_flute,flute_relative_l2_error
1,4096,4096,64,rotating,84,24,64,256,64,8.794722181779367,11.517201100025806,40.78650715375188,4.637611775645636,0.7636162732071823,0.0005688967066816986
1,4096,4096,64,repeated,84,24,64,256,64,7.155061560591855,10.6982566692211,40.766562103594424,5.697583697689707,0.6688063094594633,0.0005688967066816986
4,4096,4096,64,rotating,84,24,64,256,64,8.919735045015953,11.586555728205928,23.160584488807366,2.5965552084138106,0.7698349064426493,0.0005790641298517585
4,4096,4096,64,repeated,84,24,64,256,64,7.175027588267385,10.76615366161379,13.511308707047181,1.8831019868328998,0.6664429854693237,0.0005790641298517585
16,4096,4096,64,rotating,84,24,64,256,64,8.834722417372245,12.060799674382286,24.563921822441948,2.7803841096513042,0.732515476244715,0.0005726549425162375
16,4096,4096,64,repeated,84,24,64,256,64,7.299025388721369,11.34831393206561,18.36668148975076,2.5163197155241304,0.6431814833829511,0.0005726549425162375
32,4096,4096,64,rotating,64,24,64,256,96,11.161204667119256,17.86463017816897,23.974839551949206,2.1480512424056455,0.6247655034448197,0.0005762060172855854
32,4096,4096,64,repeated,64,24,64,256,96,10.489646299385731,16.803990781696793,12.928606283785117,1.2325111748088409,0.6242354233383204,0.0005762060172855854
64,4096,4096,64,rotating,64,24,64,256,128,17.628981007470024,26.43105553256141,24.85725665703798,1.410022317597658,0.6669798330888534,0.0004523957322817296
64,4096,4096,64,repeated,64,24,64,256,128,17.001785337924957,25.496598003672904,14.068781881404103,0.827488502046996,0.6668256422082574,0.0004523957322817296
128,4096,4096,64,rotating,48,24,64,256,160,30.097365379333496,30.77749508183177,28.672606656045623,0.9526616796742551,0.9779017200493434,0.00045355784823186696
128,4096,4096,64,repeated,48,24,64,256,160,29.182207630407856,29.388963359675994,28.218466536443035,0.9669750449941764,0.9929648512355552,0.00045355784823186696
256,4096,4096,64,rotating,48,24,64,256,170,53.99861269527011,44.661763168516615,48.69984663449801,0.9018721815933571,1.209056894854866,0.0003729714371729642
256,4096,4096,64,repeated,48,24,64,256,170,53.329437498062376,44.267263960241394,48.57533242116962,0.910854017969616,1.2047150134681954,0.0003729714371729642
1024,4096,4096,64,rotating,48,24,64,256,170,198.9689554486956,152.7186676307961,191.1697160629999,0.9608017272437923,1.302846328712817,0.0002557606203481555
1024,4096,4096,64,repeated,48,24,64,256,170,197.8964178185714,152.4868595356844,191.42237796059138,0.9672857147726882,1.2977932552428257,0.0002557606203481555
1,4096,4096,128,rotating,87,24,128,128,96,8.311564106826948,9.650070859928324,40.68581744877979,4.89508556101508,0.8612956554900035,0.0005780200008302927
1,4096,4096,128,repeated,87,24,128,128,96,7.334144027144821,8.278457687311443,40.71944857400561,5.55203830512416,0.8859312089480157,0.0005780200008302927
4,4096,4096,128,rotating,87,24,128,128,96,8.420880105760363,9.707917230689864,23.100724694324516,2.743267259977054,0.8674239701116568,0.0005732054705731571
4,4096,4096,128,repeated,87,24,128,128,96,7.382970571982698,8.349151885463362,13.545567857971466,1.8347043003767252,0.8842779090936321,0.0005732054705731571
16,4096,4096,128,rotating,87,24,128,128,96,8.334497875637478,9.913467929652803,24.416493780818985,2.9295698607339857,0.8407247529098906,0.000577650498598814
16,4096,4096,128,repeated,87,24,128,128,96,7.484548681371802,8.657157658851384,18.440066557488844,2.4637513018499155,0.8645503497004394,0.000577650498598814
32,4096,4096,128,rotating,64,24,128,128,144,10.833321813164952,13.58190659553774,24.148147783161683,2.2290621657538305,0.7976289438424042,0.0005743973888456821
32,4096,4096,128,repeated,64,24,128,128,144,10.330941287905427,12.295523319459384,12.954501629286446,1.253951723107018,0.8402197303432598,0.0005743973888456821
64,4096,4096,128,rotating,48,24,128,128,170,17.054522359693372,20.282687679413826,24.930871449984036,1.4618334611883128,0.8408413435761316,0.0005773280281573534
64,4096,4096,128,repeated,48,24,128,128,170,16.279376430428904,19.69928369893656,14.041563622037271,0.8625369455669823,0.8263943338867556,0.0005773280281573534
128,4096,4096,128,rotating,48,24,128,128,160,28.643969333533086,28.33481541386357,28.695756738836113,1.0018079688851782,1.0109107440847578,0.0004543975228443742
128,4096,4096,128,repeated,48,24,128,128,160,27.964705217747166,27.32522828238351,28.060601169901684,1.003429178008773,1.0234024370722614,0.0004543975228443742
256,4096,4096,128,rotating,48,24,128,128,170,52.15039889017741,45.365237054370695,48.87881951454358,0.9372664553818009,1.1495674281978208,0.00037263406557030976
256,4096,4096,128,repeated,48,24,128,128,170,51.74163122390511,45.328888857275025,48.83755956377302,0.9438735967259111,1.1414714220509925,0.00037263406557030976
1024,4096,4096,128,rotating,48,24,64,256,168,192.7584693545387,155.1345189412435,191.60665784563338,0.994024586765177,1.2425246854798648,0.00025583876413293183
1024,4096,4096,128,repeated,48,24,64,256,168,192.54359220847104,153.7214062877537,191.35271144818657,0.9938150070504809,1.2525489901389883,0.00025583876413293183
1,14336,4096,64,rotating,83,7,64,256,112,22.516476256506785,22.444952101934526,73.74057315644764,3.2749606251172705,1.0031866476812885,0.0003997122694272548
1,14336,4096,64,repeated,83,7,64,256,112,17.88059564737173,16.290573451829992,73.72630559481107,4.123257806886769,1.097603819794516,0.0003997122694272548
4,14336,4096,64,rotating,128,7,64,256,112,22.466118846620834,22.500857001259213,75.55713510154781,3.36315923624309,0.9984561408200392,0.00048125279136002064
4,14336,4096,64,repeated,128,7,64,256,112,15.9883098355655,16.3569046103436,75.4037618637085,4.716180924638773,0.9774654934072909,0.00048125279136002064
16,14336,4096,64,rotating,128,7,64,256,112,22.540952478136337,22.72234662229692,75.82476145044006,3.3638667897457535,0.9920169273369597,0.0004807763616554439
16,14336,4096,64,repeated,128,7,64,256,112,16.44974946975708,16.645999891417368,75.67607879638672,4.600439595479399,0.9882103554643494,0.0004807763616554439
32,14336,4096,64,rotating,48,7,64,256,160,29.444943827489144,25.926585100135025,75.79348380105537,2.5740746610049996,1.1357046720100363,0.0004794646811205894
32,14336,4096,64,repeated,48,7,64,256,160,26.327604978856908,23.535025119781494,75.92544078826904,2.8838719226166987,1.1186563364543942,0.0004794646811205894
64,14336,4096,64,rotating,48,7,64,256,168,50.25243917572934,42.040439752432015,76.60571225171019,1.524417789628584,1.1953357165542557,0.00039528190973214805
64,14336,4096,64,repeated,48,7,64,256,168,46.92015051841736,40.1638720897918,76.78105879803093,1.6364197034681804,1.1682178056319117,0.00039528190973214805
128,14336,4096,64,rotating,48,7,64,256,168,96.35379151527926,72.43359883626302,84.70265471300824,0.8790796229287621,1.330236148187088,0.0003331453772261739
128,14336,4096,64,repeated,48,7,64,256,168,93.67590415768507,70.71796003377662,82.86471366882324,0.8845894193808549,1.3246409273251545,0.0003331453772261739
256,14336,4096,64,rotating,96,7,64,256,170,185.1906662895566,135.98385878971644,151.0209238587929,0.8154888520281186,1.3618577082441299,0.00033306758268736303
256,14336,4096,64,repeated,96,7,64,256,170,182.99141162779273,134.979924288663,152.94125104191326,0.8357837653769132,1.3556935417777696,0.00033306758268736303
1024,14336,4096,64,rotating,48,7,64,256,170,724.524180094401,519.7440253363716,547.2685609545026,0.7553489255295758,1.3940019409083122,0.00022802026069257408
1024,14336,4096,64,repeated,48,7,64,256,170,719.1969553629557,516.045800570784,551.894101229581,0.7673754694234735,1.3936688459967543,0.00022802026069257408
1,14336,4096,128,rotating,87,7,128,128,112,21.088649578789035,21.120335875439043,73.77737136114212,3.498439816428426,0.998499725722314,0.0003980190376751125
1,14336,4096,128,repeated,87,7,128,128,112,17.318500412835014,15.837042271590033,73.76484687511737,4.259309127044803,1.09354386481007,0.0003980190376751125
4,14336,4096,128,rotating,86,7,128,128,112,21.09167489017091,21.10738380282533,75.54750753225838,3.5818638361178627,0.9992557622109323,0.00039693614235147834
4,14336,4096,128,repeated,86,7,128,128,112,17.188925434041906,15.962546707218529,75.27056217193604,4.379014991993974,1.0768285129758641,0.00039693614235147834
16,14336,4096,128,rotating,87,7,128,128,112,21.12468350835207,21.11276124371868,75.90022839997944,3.592964049377154,1.0005646947121585,0.00039631285471841693
16,14336,4096,128,repeated,87,7,128,128,112,17.600848989666634,16.044809900481127,76.13232135772705,4.325491423875288,1.096980836721465,0.00039631285471841693
32,14336,4096,128,rotating,48,7,128,128,160,26.9947463290068,26.10543321221422,75.60854268850838,2.8008613886200644,1.0340662079638077,0.00048127752961590886
32,14336,4096,128,repeated,48,7,128,128,160,25.41948653556205,23.792556569546083,75.54423809051514,2.9719025986157583,1.0683797876558756,0.00048127752961590886
64,14336,4096,128,rotating,48,7,64,256,168,47.257142037338355,41.93891263475605,77.18253135681152,1.6332458551096638,1.1268089482647894,0.0003960966714657843
64,14336,4096,128,repeated,48,7,64,256,168,45.32638991751322,40.09845179896201,77.47591758260921,1.7092893946242573,1.1303775553420878,0.0003960966714657843
128,14336,4096,128,rotating,48,7,64,256,168,91.79990632193429,73.85607658348647,84.73124891436066,0.9229992960691653,1.2429567148501885,0.0003333349304739386
128,14336,4096,128,repeated,48,7,64,256,168,90.237333661034,72.24730803416325,82.63454856453362,0.9157467891830741,1.2490061722211696,0.0003333349304739386
256,14336,4096,128,rotating,48,7,64,256,168,178.62638201032365,137.22714356013708,151.71877856325045,0.8493637773757401,1.3016840355060235,0.00027947078342549503
256,14336,4096,128,repeated,48,7,64,256,168,176.88922882080078,136.19890125519638,152.69543426205414,0.8632262986275078,1.2987566506822459,0.00027947078342549503
1024,14336,4096,128,rotating,48,7,64,256,170,700.8685676419005,520.2839563763331,551.8748419625418,0.7874155975054583,1.34708856395131,0.00022786772751715034
1024,14336,4096,128,repeated,48,7,64,256,170,698.2996247031472,516.1583341401199,555.9179479425603,0.7961023152187509,1.352878716695451,0.00022786772751715034
1,4096,14336,64,rotating,128,7,64,256,96,22.450952302841912,25.534720647902716,74.72060975574311,3.32817106142463,0.8792323445561528,0.0007363077602349222
1,4096,14336,64,repeated,128,7,64,256,96,15.926101450192727,21.768278853837835,74.79623794555664,4.696456203012038,0.7316196910710233,0.0007363077602349222
4,4096,14336,64,rotating,128,7,64,256,96,22.47614236105056,25.625182672052855,76.47222265563812,3.402373122006855,0.877111498040688,0.0007579108932986856
4,4096,14336,64,repeated,128,7,64,256,96,15.97098235426278,21.82051192882449,76.23335838317871,4.773241663674585,0.7319251906810403,0.0007579108932986856
16,4096,14336,64,rotating,128,7,64,256,96,22.51832519438982,26.492218071401012,77.54650450589364,3.4437065739335466,0.8499977289066216,0.0007554488256573677
16,4096,14336,64,repeated,128,7,64,256,96,16.42558936561857,22.663731400559588,77.09415912628174,4.69353990351496,0.7247522076268963,0.0007554488256573677
32,4096,14336,64,rotating,48,7,64,256,144,29.98561896975078,33.65546022670742,75.04373277936664,2.502657452396433,0.890958518105647,0.0007574530318379402
32,4096,14336,64,repeated,48,7,64,256,144,26.38901455301634,31.534099578857422,74.85692317669208,2.836669896342746,0.8368405917862106,0.0007574530318379402
64,4096,14336,64,rotating,48,7,64,256,170,50.83407278472799,52.260458677072556,78.16016430757483,1.5375546366030381,0.9727062117621569,0.000576763937715441
64,4096,14336,64,repeated,48,7,64,256,170,47.148707546765294,50.92548017632471,78.31665447780064,1.6610562315015922,0.9258372701350543,0.000576763937715441
128,4096,14336,64,rotating,48,7,64,256,168,96.56735532772467,76.74857061736438,88.34052572444993,0.9148073427572392,1.2582300171969103,0.0004570943710859865
128,4096,14336,64,repeated,48,7,64,256,168,93.29079985618591,75.44266575514668,89.40161977495465,0.9583112151763443,1.236578783668201,0.0004570943710859865
256,4096,14336,64,rotating,96,7,64,256,170,184.82400122142974,134.87971680504936,165.81432635967548,0.8971471522306262,1.3702875836295547,0.00045622620382346213
256,4096,14336,64,repeated,96,7,64,256,170,183.27499297728022,133.71143170765467,168.08213127983942,0.9171034659413453,1.370675570791814,0.00045622620382346213
1024,4096,14336,64,rotating,96,7,64,256,170,700.0202256806043,513.6589171394469,567.0685768127441,0.810074560719162,1.362811395505404,0.00031786158797331154
1024,4096,14336,64,repeated,96,7,64,256,170,695.159069327421,515.6899156241582,565.4992704038267,0.8134818279087656,1.3480175746427867,0.00031786158797331154
1,4096,14336,128,rotating,128,7,128,128,112,21.580791060542648,22.87201798511831,74.66765812465123,3.459912934385905,0.9435455618557227,0.0007676043314859271
1,4096,14336,128,repeated,128,7,128,128,112,15.257783730824789,18.054787929241474,74.76523289313683,4.900137150462497,0.8450824119685911,0.0007676043314859271
4,4096,14336,128,rotating,128,7,128,128,112,21.604571854212477,22.915990804959137,76.43252207820576,3.537793879646029,0.9427727580313542,0.0007581437821500003
4,4096,14336,128,repeated,128,7,128,128,112,15.305685602928982,18.272078504749373,76.00535869598389,4.965825162476817,0.8376543259132041,0.0007581437821500003
16,4096,14336,128,rotating,128,7,128,128,112,21.652363423489216,23.15268831502091,77.93355286868294,3.5993092922197114,0.9351986745073435,0.0007604265119880438
16,4096,14336,128,repeated,128,7,128,128,112,15.777504342234034,18.678499460220337,77.53439903259277,4.914237217165247,0.8446879994742317,0.0007604265119880438
32,4096,14336,128,rotating,48,7,128,128,170,28.33242977366728,27.318568885165725,75.22414262432204,2.6550544102728826,1.037112518330054,0.0007613669731654227
32,4096,14336,128,repeated,48,7,128,128,170,25.97460354844185,25.755232327604947,75.06876725416917,2.8900832736164075,1.008517539971937,0.0007613669731654227
64,4096,14336,128,rotating,48,7,128,128,170,48.62689669170077,43.901435140270536,77.4912639540069,1.5935885122447564,1.1076379743926776,0.0005762903019785881
64,4096,14336,128,repeated,48,7,128,128,170,46.34090065956116,43.05112772974475,77.46032792694714,1.6715326380037752,1.0764154878930954,0.0005762903019785881
128,4096,14336,128,rotating,48,7,128,128,170,94.45378845585878,73.1946931335597,89.57866827646892,0.9483861869482539,1.290445856279597,0.0004556491912808269
128,4096,14336,128,repeated,48,7,128,128,170,92.16936623177877,72.20862212690335,90.6327718711761,0.9833285784266046,1.276431588319125,0.0004556491912808269
256,4096,14336,128,rotating,48,7,128,128,170,181.36304900759743,135.88799749101912,167.8442169021774,0.9254598322017971,1.334650979896762,0.0003753962810151279
256,4096,14336,128,repeated,48,7,128,128,170,179.46917589973,135.60916727239436,169.2956394619412,0.9433131824070291,1.3234295255219382,0.0003753962810151279
1024,4096,14336,128,rotating,48,7,64,256,170,691.2829340720664,514.7494361514136,567.5805636814663,0.8210539212042748,1.3429503473389437,0.0002741848293226212
1024,4096,14336,128,repeated,48,7,64,256,170,689.5076578313655,516.4615501791744,567.428228990087,0.8229469572169194,1.335060969383213,0.0002741848293226212
1,43520,43520,128,rotating,128,1,64,256,170,622.3793427149454,585.5126014122596,2277.2205897739955,3.6588948788696865,1.0629648981315911,0.00030775024788454175
1,43520,43520,128,repeated,128,1,64,256,170,622.4439938863119,585.9359961289626,2277.9908861432755,3.6597523769493483,1.0623071427571313,0.00030775024788454175
2,43520,43520,128,rotating,128,1,64,256,170,623.0713591283682,585.8258467454177,2336.179733276367,3.7494577451682485,1.063577789525453,0.0003069647937081754
2,43520,43520,128,repeated,128,1,64,256,170,622.3133405049642,585.3145075779336,2336.376630342924,3.75434122695669,1.0632118842912917,0.0003069647937081754
4,43520,43520,128,rotating,128,1,64,256,170,622.569804288903,586.0630484188305,2337.137222290039,3.7540163467444567,1.0622915161919284,0.0003063782351091504
4,43520,43520,128,repeated,128,1,64,256,170,622.7386792500814,586.4935288062462,2338.700367854192,3.7555084432374066,1.0617997448626737,0.0003063782351091504
8,43520,43520,128,rotating,128,1,64,256,170,623.1286525726318,587.1981474069448,2339.1901162954478,3.753944079826745,1.0611897454451371,0.00030764765688218176
8,43520,43520,128,repeated,128,1,64,256,170,623.3406861623129,587.1193959162786,2340.923015887921,3.7554471701504872,1.0616932271322874,0.00030764765688218176
16,43520,43520,128,rotating,128,1,64,256,170,624.8766581217448,590.4056324678309,2345.5828153170073,3.753673280687686,1.0583853265590113,0.00030757192871533334
16,43520,43520,128,repeated,128,1,64,256,170,625.0473260879517,589.963069328895,2343.820278461163,3.7498285019962783,1.0594685643610986,0.00030757192871533334
32,43520,43520,128,rotating,96,1,128,128,170,760.1985442332732,619.3802502690529,2256.879942757743,2.968803294715598,1.2273535423563315,0.0003946979995816946
32,43520,43520,128,repeated,96,1,128,128,170,763.5168075561523,622.4739948908488,2256.1439786638534,2.9549368872248785,1.2265842650824883,0.0003946979995816946
64,43520,43520,128,rotating,96,1,64,256,170,1595.076847076416,1046.338180015827,2260.505131312779,1.4171763169003506,1.5244372016055925,0.00030726788099855185
64,43520,43520,128,repeated,96,1,64,256,170,1609.5612174586247,1049.2491228827114,2259.5062255859375,1.4038026022728896,1.5340124498141199,0.00030726788099855185
128,43520,43520,128,rotating,48,1,64,256,170,3112.454414367676,2070.4896291097007,2418.916995708759,0.7771734694466792,1.5032455949591084,0.0002132260415237397
128,43520,43520,128,repeated,48,1,64,256,170,3122.470474243164,2071.281051635742,2416.947731604943,0.7740498273857246,1.5075068985820497,0.0002132260415237397
256,43520,43520,128,rotating,48,1,64,256,170,6253.369522094727,4142.848014831543,4564.324515206473,0.7298984170181478,1.509437348342841,0.00021330660092644393
256,43520,43520,128,repeated,48,1,64,256,170,6253.036880493164,4136.363983154297,4571.8536376953125,0.7311413198213441,1.511723075135361,0.00021330660092644393
512,43520,43520,128,rotating,96,1,64,256,170,12513.18359375,8276.887893676758,8875.712394714355,0.709308892354743,1.511822288098117,0.00021333011682145298
512,43520,43520,128,repeated,96,1,64,256,170,12523.423512776693,8292.03987121582,8867.119789123535,0.708042795173148,1.5102946569576066,0.00021333011682145298
1024,43520,43520,128,rotating,96,1,64,256,170,25373.03924560547,16542.6082611084,17619.11964416504,0.6944031999326457,1.5337991956962056,0.00021317656501196325
1024,43520,43520,128,repeated,96,1,64,256,170,25332.91244506836,16612.207412719727,17589.55192565918,0.6943359538229247,1.5249576299939114,0.00021317656501196325
